JVMB373869HGU6TY,2005-11-29,Sandie,Dabbs,kennithmatthew8416@equilibrium.com
QV3QNXP53EB2OKAP,2021-04-18,Clarissa,Heaton,suzanna067@gmail.com
Y8IS9QQTTQ8MSS6U,2013-06-30,Terrance,Zhang,jewel22619@tourism.meguro.tokyo.jp
XFAOY2RV31DU2LQX,1971-01-23,Christene,Matlock,kenya-valencia@ottawa.com
L09VEK198YQVKPZ3,2001-05-24,Lurlene,Vetter,sirena_rigsby@hotmail.com
UJBP5RHM4IG7DVDY,1981-12-10,Keith,Labonte,jamel878@trouble.aogashima.tokyo.jp
00UK8R2IJ2H5BOJB,2008-04-04,Erika,Parent,margit_caraway4@tennis.obninsk.su
00UK8R2IJ2H5BOJB,2008-04-04,Erika,Dabbs,margit_caraway4@tennis.obninsk.su
ROCIPXS9JRIH2I4R,1981-05-23,Johnnie,Mowery-Alfaro,hayden_wentworth@uni.com
QMCV6S2KUGEFQQ4J,1994-10-28,Lillian,Colbert,lynnette_chamberlain@hotmail.com
36GQ4DNOQ515E13F,2016-11-02,Naida,Baumann,glenda-soliz659@aud.skedsmo.no